id,focus,signal,slack,drag,confidence,score,lane,kind,invariant
g001,change width,110,50,8,59,559,ship,baseline,monotonic-signal
g002,diagnostic quality,77,34,9,91,422,ship,edge,drag-penalty
g003,review cost,64,63,11,58,385,ship,recovery,confidence-floor
g004,safe rewrite,61,45,13,57,326,ship,negative,lane-boundary
g005,change width,63,74,37,104,319,ship,baseline,monotonic-signal
g006,diagnostic quality,111,56,29,89,500,ship,edge,drag-penalty
g007,review cost,51,14,27,43,140,watch,recovery,confidence-floor
g008,safe rewrite,112,31,27,67,442,ship,negative,lane-boundary
g009,change width,58,77,29,41,282,ship,baseline,monotonic-signal
g010,diagnostic quality,79,67,10,32,432,ship,edge,drag-penalty
g011,review cost,93,65,44,32,314,ship,recovery,confidence-floor
g012,safe rewrite,103,31,21,37,406,ship,negative,lane-boundary
g013,change width,68,17,14,87,323,ship,baseline,monotonic-signal
g014,diagnostic quality,54,47,9,73,338,ship,edge,drag-penalty
g015,review cost,50,65,8,28,318,ship,recovery,confidence-floor
g016,safe rewrite,52,76,9,96,411,ship,negative,lane-boundary
g017,change width,56,14,11,48,245,ship,baseline,monotonic-signal
g018,diagnostic quality,106,21,13,72,473,ship,edge,drag-penalty
g019,review cost,90,27,37,88,317,ship,recovery,confidence-floor
g020,safe rewrite,86,32,8,58,426,ship,negative,lane-boundary
g021,change width,43,37,16,90,256,ship,baseline,monotonic-signal
g022,diagnostic quality,69,42,43,57,202,ship,edge,drag-penalty
g023,review cost,86,12,37,56,239,ship,recovery,confidence-floor
g024,safe rewrite,54,70,35,103,284,ship,negative,lane-boundary
g025,change width,85,18,36,88,284,ship,baseline,monotonic-signal
g026,diagnostic quality,104,43,38,42,354,ship,edge,drag-penalty
g027,review cost,73,58,40,66,274,ship,recovery,confidence-floor
g028,safe rewrite,61,33,22,40,240,ship,negative,lane-boundary
g029,change width,103,23,14,31,419,ship,baseline,monotonic-signal
g030,diagnostic quality,39,55,12,31,237,ship,edge,drag-penalty
g031,review cost,55,39,12,36,274,ship,recovery,confidence-floor
g032,safe rewrite,63,68,14,86,404,ship,negative,lane-boundary
g033,change width,30,50,37,72,107,hold,baseline,monotonic-signal
g034,diagnostic quality,105,9,29,27,320,ship,edge,drag-penalty
g035,review cost,102,61,6,95,595,ship,recovery,confidence-floor
g036,safe rewrite,104,19,41,47,296,ship,negative,lane-boundary
g037,change width,64,36,36,71,219,ship,baseline,monotonic-signal
g038,diagnostic quality,92,12,35,87,304,ship,edge,drag-penalty
g039,review cost,65,72,36,57,281,ship,recovery,confidence-floor
g040,safe rewrite,99,70,38,89,435,ship,negative,lane-boundary
g041,change width,32,36,40,56,56,hold,baseline,monotonic-signal
g042,diagnostic quality,46,22,22,55,173,watch,edge,drag-penalty
g043,review cost,56,52,35,102,255,ship,recovery,confidence-floor
g044,safe rewrite,109,70,43,87,448,ship,negative,lane-boundary
g045,change width,95,11,28,41,303,ship,baseline,monotonic-signal
g046,diagnostic quality,91,19,22,65,357,ship,edge,drag-penalty
g047,review cost,93,26,20,39,363,ship,recovery,confidence-floor
g048,safe rewrite,97,32,21,30,377,ship,negative,lane-boundary
g049,change width,59,37,23,30,225,ship,baseline,monotonic-signal
g050,diagnostic quality,43,42,25,35,166,watch,edge,drag-penalty
g051,review cost,39,47,7,85,300,ship,recovery,confidence-floor
g052,safe rewrite,84,17,41,71,236,ship,negative,lane-boundary
g053,change width,110,75,39,26,421,ship,baseline,monotonic-signal
g054,diagnostic quality,39,23,39,94,101,hold,edge,drag-penalty
g055,review cost,95,48,41,46,317,ship,recovery,confidence-floor
g056,safe rewrite,38,63,22,70,238,ship,negative,lane-boundary
g057,change width,57,38,14,86,320,ship,baseline,monotonic-signal
g058,diagnostic quality,114,28,33,56,403,ship,edge,drag-penalty
g059,review cost,102,60,26,88,486,ship,recovery,confidence-floor
g060,safe rewrite,56,44,21,55,262,ship,negative,lane-boundary
g061,change width,80,73,20,54,420,ship,baseline,monotonic-signal
g062,diagnostic quality,96,55,21,101,490,ship,edge,drag-penalty
g063,review cost,104,14,23,86,415,ship,recovery,confidence-floor
g064,safe rewrite,71,66,25,40,331,ship,negative,lane-boundary
g065,change width,58,24,7,64,309,ship,baseline,monotonic-signal
g066,diagnostic quality,55,41,20,38,240,ship,edge,drag-penalty
g067,review cost,57,17,28,29,151,watch,recovery,confidence-floor
g068,safe rewrite,105,77,13,29,538,ship,negative,lane-boundary
g069,change width,45,75,7,34,329,ship,baseline,monotonic-signal
g070,diagnostic quality,106,41,5,84,565,ship,edge,drag-penalty
g071,review cost,52,27,6,70,302,ship,recovery,confidence-floor
g072,safe rewrite,73,57,8,25,391,ship,negative,lane-boundary
g073,change width,87,75,10,93,541,ship,baseline,monotonic-signal
g074,diagnostic quality,97,16,34,45,295,ship,edge,drag-penalty
g075,review cost,62,24,26,69,235,ship,recovery,confidence-floor
g076,safe rewrite,48,31,24,85,219,ship,negative,lane-boundary
g077,change width,44,37,24,55,185,ship,baseline,monotonic-signal
g078,diagnostic quality,46,42,26,87,225,ship,edge,drag-penalty
g079,review cost,50,47,7,54,313,ship,recovery,confidence-floor
g080,safe rewrite,100,52,41,53,352,ship,negative,lane-boundary
g081,change width,84,22,18,100,390,ship,baseline,monotonic-signal
g082,diagnostic quality,80,10,11,85,370,ship,edge,drag-penalty
g083,review cost,37,28,6,39,213,ship,recovery,confidence-floor
g084,safe rewrite,63,53,5,63,396,ship,negative,lane-boundary
g085,change width,80,68,6,37,463,ship,baseline,monotonic-signal
g086,diagnostic quality,48,43,8,28,266,ship,edge,drag-penalty
g087,review cost,79,33,10,28,360,ship,recovery,confidence-floor
g088,safe rewrite,98,65,34,33,385,ship,negative,lane-boundary
g089,change width,67,49,5,83,424,ship,baseline,monotonic-signal
g090,diagnostic quality,55,8,13,69,240,ship,edge,drag-penalty
g091,review cost,97,60,40,24,332,ship,recovery,confidence-floor
g092,safe rewrite,33,19,34,92,92,hold,negative,lane-boundary
g093,change width,49,71,32,44,222,ship,baseline,monotonic-signal
g094,diagnostic quality,57,29,33,68,189,ship,edge,drag-penalty
g095,review cost,112,46,35,84,449,ship,recovery,confidence-floor
g096,safe rewrite,99,22,37,54,309,ship,negative,lane-boundary
